SQL>  SELECT ENAME,DEPT.LOC FROM EMP,DEPT
  2   WHERE EMP.DEPTNO =DEPT.DEPTNO;

ENAME      LOC                                                                                                                                                                                                                                                                                              
---------- -------------                                                                                                                                                                                                                                                                                    
SMITH      DALLAS                                                                                                                                                                                                                                                                                           
ALLEN      CHICAGO                                                                                                                                                                                                                                                                                          
WARD       CHICAGO                                                                                                                                                                                                                                                                                          
JONES      DALLAS                                                                                                                                                                                                                                                                                           
MARTIN     CHICAGO                                                                                                                                                                                                                                                                                          
BLAKE      CHICAGO                                                                                                                                                                                                                                                                                          
CLARK      NEW YORK                                                                                                                                                                                                                                                                                         
SCOTT      DALLAS                                                                                                                                                                                                                                                                                           
KING       NEW YORK                                                                                                                                                                                                                                                                                         
TURNER     CHICAGO                                                                                                                                                                                                                                                                                          
ADAMS      DALLAS                                                                                                                                                                                                                                                                                           
JAMES      CHICAGO                                                                                                                                                                                                                                                                                          
FORD       DALLAS                                                                                                                                                                                                                                                                                           
MILLER     NEW YORK                                                                                                                                                                                                                                                                                         

14 rows selected.

SQL> SELECT DEPT.DNAME,SAL FROM EMP,DEPT
  2  WHERE EMP.DEPTNO =DEPT.DEPTNO;

DNAME                 SAL                                                                                                                                                                                                                                                                                   
-------------- ----------                                                                                                                                                                                                                                                                                   
RESEARCH              800                                                                                                                                                                                                                                                                                   
SALES                1600                                                                                                                                                                                                                                                                                   
SALES                1250                                                                                                                                                                                                                                                                                   
RESEARCH             2975                                                                                                                                                                                                                                                                                   
SALES                1250                                                                                                                                                                                                                                                                                   
SALES                2850                                                                                                                                                                                                                                                                                   
ACCOUNTING           2450                                                                                                                                                                                                                                                                                   
RESEARCH             3000                                                                                                                                                                                                                                                                                   
ACCOUNTING           5000                                                                                                                                                                                                                                                                                   
SALES                1500                                                                                                                                                                                                                                                                                   
RESEARCH             1100                                                                                                                                                                                                                                                                                   
SALES                 950                                                                                                                                                                                                                                                                                   
RESEARCH             3000                                                                                                                                                                                                                                                                                   
ACCOUNTING           1300                                                                                                                                                                                                                                                                                   

14 rows selected.

SQL> SELECT DEPT.DNAME,SAL*12 AS ANNUALSAL FROM EMP,DEPT
  2  WHERE EMP.DEPTNO =DEPT.DEPTNO AND EMP.SAL>2340;

DNAME           ANNUALSAL                                                                                                                                                                                                                                                                                   
-------------- ----------                                                                                                                                                                                                                                                                                   
RESEARCH            35700                                                                                                                                                                                                                                                                                   
SALES               34200                                                                                                                                                                                                                                                                                   
ACCOUNTING          29400                                                                                                                                                                                                                                                                                   
RESEARCH            36000                                                                                                                                                                                                                                                                                   
ACCOUNTING          60000                                                                                                                                                                                                                                                                                   
RESEARCH            36000                                                                                                                                                                                                                                                                                   

6 rows selected.

SQL> SELECT DEPT.DNAME,EMP.ENAME FROM EMP,DEPT
  2  WHERE EMP.DEPTNO =DEPT.DEPTNO AND DEPT.DNAME LIKE ('%A%');

DNAME          ENAME                                                                                                                                                                                                                                                                                        
-------------- ----------                                                                                                                                                                                                                                                                                   
RESEARCH       SMITH                                                                                                                                                                                                                                                                                        
SALES          ALLEN                                                                                                                                                                                                                                                                                        
SALES          WARD                                                                                                                                                                                                                                                                                         
RESEARCH       JONES                                                                                                                                                                                                                                                                                        
SALES          MARTIN                                                                                                                                                                                                                                                                                       
SALES          BLAKE                                                                                                                                                                                                                                                                                        
ACCOUNTING     CLARK                                                                                                                                                                                                                                                                                        
RESEARCH       SCOTT                                                                                                                                                                                                                                                                                        
ACCOUNTING     KING                                                                                                                                                                                                                                                                                         
SALES          TURNER                                                                                                                                                                                                                                                                                       
RESEARCH       ADAMS                                                                                                                                                                                                                                                                                        
SALES          JAMES                                                                                                                                                                                                                                                                                        
RESEARCH       FORD                                                                                                                                                                                                                                                                                         
ACCOUNTING     MILLER                                                                                                                                                                                                                                                                                       

14 rows selected.

SQL> SELECT ENAME,DEPT.DNAME FROM EMP,DEPT
  2  WHERE EMP.DEPTNO =DEPT.DEPTNO AND JOB IN ('SALESMAN');

ENAME      DNAME                                                                                                                                                                                                                                                                                            
---------- --------------                                                                                                                                                                                                                                                                                   
ALLEN      SALES                                                                                                                                                                                                                                                                                            
WARD       SALES                                                                                                                                                                                                                                                                                            
MARTIN     SALES                                                                                                                                                                                                                                                                                            
TURNER     SALES                                                                                                                                                                                                                                                                                            

SQL> SELECT DEPT.DNAME,JOB FROM EMP,DEPT
  2  WHERE EMP.DEPTNO =DEPT.DEPTNO AND JOB LIKE ('S%') AND DEPT.DNAME LIKE ('S%');

DNAME          JOB                                                                                                                                                                                                                                                                                          
-------------- ---------                                                                                                                                                                                                                                                                                    
SALES          SALESMAN                                                                                                                                                                                                                                                                                     
SALES          SALESMAN                                                                                                                                                                                                                                                                                     
SALES          SALESMAN                                                                                                                                                                                                                                                                                     
SALES          SALESMAN                                                                                                                                                                                                                                                                                     

SQL> SELECT E.MGR, D.DNAME
  2  FROM EMP E , DEPT D WHERE E.DEPTNO = D.DEPTNO AND
  3   E.MGR = 7839;

       MGR DNAME                                                                                                                                                                                                                                                                                            
---------- --------------                                                                                                                                                                                                                                                                                   
      7839 RESEARCH                                                                                                                                                                                                                                                                                         
      7839 SALES                                                                                                                                                                                                                                                                                            
      7839 ACCOUNTING                                                                                                                                                                                                                                                                                       

SQL>  SELECT HIREDATE, DEPT.DNAME
  2   FROM EMP, DEPT WHERE EMP.DEPTNO = DEPT.DEPTNO AND
  3    HIREDATE > '1-JAN-1983';

HIREDATE  DNAME                                                                                                                                                                                                                                                                                             
--------- --------------                                                                                                                                                                                                                                                                                    
19-APR-87 RESEARCH                                                                                                                                                                                                                                                                                          
23-MAY-87 RESEARCH                                                                                                                                                                                                                                                                                          

SQL> SELECT EMP.ENAME, DEPT.DNAME
  2  FROM EMP, DEPT WHERE EMP.DEPTNO = DEPT.DEPTNO AND
  3   COMM IN 10 OR COMM IN 30;

no rows selected

SQL>  SELECT EMP.EMPNO, DEPT.DNAME
  2   FROM EMP, DEPT WHERE EMP.DEPTNO = DEPT.DEPTNO AND
  3    EMPNO IN (7839,7902) AND DEPT.LOC IN 'NEW YORK';

     EMPNO DNAME                                                                                                                                                                                                                                                                                            
---------- --------------                                                                                                                                                                                                                                                                                   
      7839 ACCOUNTING                                                                                                                                                                                                                                                                                       

SQL> SPOOL OFF;
