SQL> SET PAGES 200 LINES 200;
SQL> SELECT INSTR('MALAYALAM','AL',1) FROM DUAL;

INSTR('MALAYALAM','AL',1)                                                                                                                                                                               
-------------------------                                                                                                                                                                               
                        2                                                                                                                                                                               

SQL> SELECT INSTR(ENAME,'A',1) FROM EMP;

INSTR(ENAME,'A',1)                                                                                                                                                                                      
------------------                                                                                                                                                                                      
                 0                                                                                                                                                                                      
                 1                                                                                                                                                                                      
                 2                                                                                                                                                                                      
                 0                                                                                                                                                                                      
                 2                                                                                                                                                                                      
                 3                                                                                                                                                                                      
                 3                                                                                                                                                                                      
                 0                                                                                                                                                                                      
                 0                                                                                                                                                                                      
                 0                                                                                                                                                                                      
                 1                                                                                                                                                                                      
                 2                                                                                                                                                                                      
                 0                                                                                                                                                                                      
                 0                                                                                                                                                                                      

14 rows selected.

SQL> SELECT ENAME FROM EMP WHERE INSTR(ENAME,'A',1);
SELECT ENAME FROM EMP WHERE INSTR(ENAME,'A',1)
                                             *
ERROR at line 1:
ORA-00920: invalid relational operator 


SQL> ED
Wrote file afiedt.buf

  1* SELECT ENAME FROM EMP WHERE INSTR(ENAME,'A',1)!=0
SQL> /

ENAME                                                                                                                                                                                                   
----------                                                                                                                                                                                              
ALLEN                                                                                                                                                                                                   
WARD                                                                                                                                                                                                    
MARTIN                                                                                                                                                                                                  
BLAKE                                                                                                                                                                                                   
CLARK                                                                                                                                                                                                   
ADAMS                                                                                                                                                                                                   
JAMES                                                                                                                                                                                                   

7 rows selected.

SQL> ED
Wrote file afiedt.buf

  1* SELECT ENAME FROM EMP WHERE INSTR(ENAME,'A',1,2)=2
SQL> /

no rows selected

SQL> ED
Wrote file afiedt.buf

  1* SELECT ENAME FROM EMP WHERE INSTR(ENAME,'A',1,2)!=2
SQL> /

ENAME                                                                                                                                                                                                   
----------                                                                                                                                                                                              
SMITH                                                                                                                                                                                                   
ALLEN                                                                                                                                                                                                   
WARD                                                                                                                                                                                                    
JONES                                                                                                                                                                                                   
MARTIN                                                                                                                                                                                                  
BLAKE                                                                                                                                                                                                   
CLARK                                                                                                                                                                                                   
SCOTT                                                                                                                                                                                                   
KING                                                                                                                                                                                                    
TURNER                                                                                                                                                                                                  
ADAMS                                                                                                                                                                                                   
JAMES                                                                                                                                                                                                   
FORD                                                                                                                                                                                                    
MILLER                                                                                                                                                                                                  

14 rows selected.

SQL> ED
Wrote file afiedt.buf

  1* SELECT ENAME FROM EMP WHERE INSTR(ENAME,'A',1,2)!=0
SQL> /

ENAME                                                                                                                                                                                                   
----------                                                                                                                                                                                              
ADAMS                                                                                                                                                                                                   

SQL> ED
Wrote file afiedt.buf

  1* SELECT ENAME FROM EMP WHERE INSTR(ENAME,'L',1,2)!=0
SQL> /

ENAME                                                                                                                                                                                                   
----------                                                                                                                                                                                              
ALLEN                                                                                                                                                                                                   
MILLER                                                                                                                                                                                                  

SQL> ED
Wrote file afiedt.buf

  1* SELECT ENAME FROM EMP WHERE INSTR(ENAME,'L',1,2)>=0
SQL> /

ENAME                                                                                                                                                                                                   
----------                                                                                                                                                                                              
SMITH                                                                                                                                                                                                   
ALLEN                                                                                                                                                                                                   
WARD                                                                                                                                                                                                    
JONES                                                                                                                                                                                                   
MARTIN                                                                                                                                                                                                  
BLAKE                                                                                                                                                                                                   
CLARK                                                                                                                                                                                                   
SCOTT                                                                                                                                                                                                   
KING                                                                                                                                                                                                    
TURNER                                                                                                                                                                                                  
ADAMS                                                                                                                                                                                                   
JAMES                                                                                                                                                                                                   
FORD                                                                                                                                                                                                    
MILLER                                                                                                                                                                                                  

14 rows selected.

SQL> ED
Wrote file afiedt.buf

  1* SELECT ENAME FROM EMP WHERE INSTR(ENAME,'L',1,2)<=0
SQL> 
SQL> ED/

SQL> 
SQL> 
SQL> ED
Wrote file afiedt.buf

  1* SELECT ENAME FROM EMP WHERE INSTR(ENAME,'L',1,2)<=0
SQL> /

ENAME                                                                                                                                                                                                   
----------                                                                                                                                                                                              
SMITH                                                                                                                                                                                                   
WARD                                                                                                                                                                                                    
JONES                                                                                                                                                                                                   
MARTIN                                                                                                                                                                                                  
BLAKE                                                                                                                                                                                                   
CLARK                                                                                                                                                                                                   
SCOTT                                                                                                                                                                                                   
KING                                                                                                                                                                                                    
TURNER                                                                                                                                                                                                  
ADAMS                                                                                                                                                                                                   
JAMES                                                                                                                                                                                                   
FORD                                                                                                                                                                                                    

12 rows selected.

SQL> ED
Wrote file afiedt.buf

  1* SELECT ENAME FROM EMP WHERE INSTR(ENAME,'AA',1,2)!=0
SQL> /

no rows selected

SQL> ED
Wrote file afiedt.buf

  1* SELECT ENAME FROM EMP WHERE INSTR(ENAME,'AA',1)!=0
SQL> /

no rows selected

SQL> ED
Wrote file afiedt.buf

  1* SELECT ENAME FROM EMP WHERE INSTR(ENAME,'AA',1)>=1
SQL> /

no rows selected

SQL> ED
Wrote file afiedt.buf

  1* SELECT ENAME FROM EMP WHERE INSTR(ENAME,'A',1,2)>=1
SQL> /

ENAME                                                                                                                                                                                                   
----------                                                                                                                                                                                              
ADAMS                                                                                                                                                                                                   

SQL> SELECT ENAME FROM EMP WHERE INSTR(ENAME,'A',1,2)>=2;

ENAME                                                                                                                                                                                                   
----------                                                                                                                                                                                              
ADAMS                                                                                                                                                                                                   

SQL> ED
Wrote file afiedt.buf

  1* SELECT ENAME FROM EMP WHERE INSTR(ENAME,'A',1,2)>=0
SQL> /

ENAME                                                                                                                                                                                                   
----------                                                                                                                                                                                              
SMITH                                                                                                                                                                                                   
ALLEN                                                                                                                                                                                                   
WARD                                                                                                                                                                                                    
JONES                                                                                                                                                                                                   
MARTIN                                                                                                                                                                                                  
BLAKE                                                                                                                                                                                                   
CLARK                                                                                                                                                                                                   
SCOTT                                                                                                                                                                                                   
KING                                                                                                                                                                                                    
TURNER                                                                                                                                                                                                  
ADAMS                                                                                                                                                                                                   
JAMES                                                                                                                                                                                                   
FORD                                                                                                                                                                                                    
MILLER                                                                                                                                                                                                  

14 rows selected.

SQL> ED
Wrote file afiedt.buf

  1* SELECT ENAME FROM EMP WHERE INSTR(ENAME,'A',1,2)>=2 AND INSTR(ENAME,'A',1,3)>=0
SQL> /

ENAME                                                                                                                                                                                                   
----------                                                                                                                                                                                              
ADAMS                                                                                                                                                                                                   

SQL> ED
Wrote file afiedt.buf

  1* SELECT ENAME FROM EMP WHERE INSTR(ENAME,'A',1,2)>=2 AND INSTR(ENAME,'A',1,3)=0
SQL> /

ENAME                                                                                                                                                                                                   
----------                                                                                                                                                                                              
ADAMS                                                                                                                                                                                                   

SQL> SELECT SAL FROM EMP WHERE MOD(SAL,2)!=0;

       SAL                                                                                                                                                                                              
----------                                                                                                                                                                                              
      2975                                                                                                                                                                                              

SQL> ED
Wrote file afiedt.buf

  1* SELECT SAL FROM EMP WHERE MOD(SAL,2)=0
SQL> /

       SAL                                                                                                                                                                                              
----------                                                                                                                                                                                              
       800                                                                                                                                                                                              
      1600                                                                                                                                                                                              
      1250                                                                                                                                                                                              
      1250                                                                                                                                                                                              
      2850                                                                                                                                                                                              
      2450                                                                                                                                                                                              
      3000                                                                                                                                                                                              
      5000                                                                                                                                                                                              
      1500                                                                                                                                                                                              
      1100                                                                                                                                                                                              
       950                                                                                                                                                                                              
      3000                                                                                                                                                                                              
      1300                                                                                                                                                                                              

13 rows selected.

SQL> ED
Wrote file afiedt.buf

  1* SELECT EMPID FROM EMP WHERE MOD(SAL,2)=0
SQL> /
SELECT EMPID FROM EMP WHERE MOD(SAL,2)=0
       *
ERROR at line 1:
ORA-00904: "EMPID": invalid identifier 


SQL> ED
Wrote file afiedt.buf

  1* SELECT EMPNO FROM EMP WHERE MOD(SAL,2)=0
SQL> /

     EMPNO                                                                                                                                                                                              
----------                                                                                                                                                                                              
      7369                                                                                                                                                                                              
      7499                                                                                                                                                                                              
      7521                                                                                                                                                                                              
      7654                                                                                                                                                                                              
      7698                                                                                                                                                                                              
      7782                                                                                                                                                                                              
      7788                                                                                                                                                                                              
      7839                                                                                                                                                                                              
      7844                                                                                                                                                                                              
      7876                                                                                                                                                                                              
      7900                                                                                                                                                                                              
      7902                                                                                                                                                                                              
      7934                                                                                                                                                                                              

13 rows selected.

SQL> ED
Wrote file afiedt.buf

  1* SELECT EMPNO FROM EMP WHERE MOD(EMPNO,2)=0
SQL> /

     EMPNO                                                                                                                                                                                              
----------                                                                                                                                                                                              
      7566                                                                                                                                                                                              
      7654                                                                                                                                                                                              
      7698                                                                                                                                                                                              
      7782                                                                                                                                                                                              
      7788                                                                                                                                                                                              
      7844                                                                                                                                                                                              
      7876                                                                                                                                                                                              
      7900                                                                                                                                                                                              
      7902                                                                                                                                                                                              
      7934                                                                                                                                                                                              

10 rows selected.

SQL> SELECT SYSDATE FROM DUAL;

SYSDATE                                                                                                                                                                                                 
---------                                                                                                                                                                                               
16-JUL-24                                                                                                                                                                                               

SQL> SELECT CURRENT_DATE FROM DUAL;

CURRENT_D                                                                                                                                                                                               
---------                                                                                                                                                                                               
16-JUL-24                                                                                                                                                                                               

SQL> SELECT SYSTIMESTAMP FROM DUAL;

SYSTIMESTAMP                                                                                                                                                                                            
---------------------------------------------------------------------------                                                                                                                             
16-JUL-24 12.43.36.548000 PM +05:30                                                                                                                                                                     

SQL> SELECT SYSDATE,CURRENT_DATE, SYSTIMESTAMP  FROM DUAL;

SYSDATE   CURRENT_D SYSTIMESTAMP                                                                                                                                                                        
--------- --------- ---------------------------------------------------------------------------                                                                                                         
16-JUL-24 16-JUL-24 16-JUL-24 12.44.20.564000 PM +05:30                                                                                                                                                 

SQL> SELECT MONTH_BETWEEN('16-JULY-2023','16-JULY-2024') FROM DUAL;
SELECT MONTH_BETWEEN('16-JULY-2023','16-JULY-2024') FROM DUAL
       *
ERROR at line 1:
ORA-00904: "MONTH_BETWEEN": invalid identifier 


SQL> ED
Wrote file afiedt.buf

  1* SELECT MONTHS_BETWEEN('16-JULY-2023','16-JULY-2024') FROM DUAL
SQL> /

MONTHS_BETWEEN('16-JULY-2023','16-JULY-2024')                                                                                                                                                           
---------------------------------------------                                                                                                                                                           
                                          -12                                                                                                                                                           

SQL> ED
Wrote file afiedt.buf

  1* SELECT MONTHS_BETWEEN('16-JULY-2024','16-JULY-2022') FROM DUAL
SQL> /

MONTHS_BETWEEN('16-JULY-2024','16-JULY-2022')                                                                                                                                                           
---------------------------------------------                                                                                                                                                           
                                           24                                                                                                                                                           

SQL> ED
Wrote file afiedt.buf

  1* SELECT MONTHS_BETWEEN('16-JAN-2024','16-JULY-2022') FROM DUAL
SQL> /

MONTHS_BETWEEN('16-JAN-2024','16-JULY-2022')                                                                                                                                                            
--------------------------------------------                                                                                                                                                            
                                          18                                                                                                                                                            

SQL> SELECT HIREDATE FROM EMP;

HIREDATE                                                                                                                                                                                                
---------                                                                                                                                                                                               
17-DEC-80                                                                                                                                                                                               
20-FEB-81                                                                                                                                                                                               
22-FEB-81                                                                                                                                                                                               
02-APR-81                                                                                                                                                                                               
28-SEP-81                                                                                                                                                                                               
01-MAY-81                                                                                                                                                                                               
09-JUN-81                                                                                                                                                                                               
19-APR-87                                                                                                                                                                                               
17-NOV-81                                                                                                                                                                                               
08-SEP-81                                                                                                                                                                                               
23-MAY-87                                                                                                                                                                                               
03-DEC-81                                                                                                                                                                                               
03-DEC-81                                                                                                                                                                                               
23-JAN-82                                                                                                                                                                                               

14 rows selected.

SQL> SELECT MONTHS_BETWEEN(HIREDATE,HIREDATE) FROM EMP;

MONTHS_BETWEEN(HIREDATE,HIREDATE)                                                                                                                                                                       
---------------------------------                                                                                                                                                                       
                                0                                                                                                                                                                       
                                0                                                                                                                                                                       
                                0                                                                                                                                                                       
                                0                                                                                                                                                                       
                                0                                                                                                                                                                       
                                0                                                                                                                                                                       
                                0                                                                                                                                                                       
                                0                                                                                                                                                                       
                                0                                                                                                                                                                       
                                0                                                                                                                                                                       
                                0                                                                                                                                                                       
                                0                                                                                                                                                                       
                                0                                                                                                                                                                       
                                0                                                                                                                                                                       

14 rows selected.

SQL> ED
Wrote file afiedt.buf

  1* SELECT MONTHS_BETWEEN(HIREDATE,SYSDATE) FROM EMP
SQL> /

MONTHS_BETWEEN(HIREDATE,SYSDATE)                                                                                                                                                                        
--------------------------------                                                                                                                                                                        
                      -522.98517                                                                                                                                                                        
                      -520.88839                                                                                                                                                                        
                      -520.82388                                                                                                                                                                        
                      -519.46904                                                                                                                                                                        
                      -513.63033                                                                                                                                                                        
                       -518.5013                                                                                                                                                                        
                      -517.24323                                                                                                                                                                        
                      -446.92065                                                                                                                                                                        
                      -511.98517                                                                                                                                                                        
                      -514.27549                                                                                                                                                                        
                      -445.79162                                                                                                                                                                        
                      -511.43678                                                                                                                                                                        
                      -511.43678                                                                                                                                                                        
                      -509.79162                                                                                                                                                                        

14 rows selected.

SQL> ED
Wrote file afiedt.buf

  1* SELECT MONTHS_BETWEEN(SYSDATE,HIREDATE) FROM EMP
SQL> /

MONTHS_BETWEEN(SYSDATE,HIREDATE)                                                                                                                                                                        
--------------------------------                                                                                                                                                                        
                       522.98518                                                                                                                                                                        
                      520.888406                                                                                                                                                                        
                       520.82389                                                                                                                                                                        
                      519.469051                                                                                                                                                                        
                      513.630341                                                                                                                                                                        
                      518.501309                                                                                                                                                                        
                      517.243244                                                                                                                                                                        
                      446.920664                                                                                                                                                                        
                       511.98518                                                                                                                                                                        
                      514.275503                                                                                                                                                                        
                      445.791632                                                                                                                                                                        
                      511.436793                                                                                                                                                                        
                      511.436793                                                                                                                                                                        
                      509.791632                                                                                                                                                                        

14 rows selected.

SQL> ED
Wrote file afiedt.buf

  1* SELECT MONTHS_BETWEEN(SYSTEMTIMESTAMP,HIREDATE) FROM EMP
SQL> /
SELECT MONTHS_BETWEEN(SYSTEMTIMESTAMP,HIREDATE) FROM EMP
                      *
ERROR at line 1:
ORA-00904: "SYSTEMTIMESTAMP": invalid identifier 


SQL> ED
Wrote file afiedt.buf

  1* SELECT MONTHS_BETWEEN(SYSTIMESTAMP,HIREDATE) FROM EMP
SQL> /

MONTHS_BETWEEN(SYSTIMESTAMP,HIREDATE)                                                                                                                                                                   
-------------------------------------                                                                                                                                                                   
                           522.985213                                                                                                                                                                   
                           520.888439                                                                                                                                                                   
                           520.823923                                                                                                                                                                   
                           519.469084                                                                                                                                                                   
                           513.630374                                                                                                                                                                   
                           518.501342                                                                                                                                                                   
                           517.243278                                                                                                                                                                   
                           446.920697                                                                                                                                                                   
                           511.985213                                                                                                                                                                   
                           514.275536                                                                                                                                                                   
                           445.791665                                                                                                                                                                   
                           511.436826                                                                                                                                                                   
                           511.436826                                                                                                                                                                   
                           509.791665                                                                                                                                                                   

14 rows selected.

SQL> ED
Wrote file afiedt.buf

  1* SELECT ROUND(MONTHS_BETWEEN(SYSTIMESTAMP,HIREDATE,2) FROM EMP
SQL> /
SELECT ROUND(MONTHS_BETWEEN(SYSTIMESTAMP,HIREDATE,2) FROM EMP
             *
ERROR at line 1:
ORA-00909: invalid number of arguments 


SQL> ED
Wrote file afiedt.buf

  1* SELECT ROUND(MONTHS_BETWEEN(SYSTIMESTAMP,HIREDATE,2)) FROM EMP
SQL> /
SELECT ROUND(MONTHS_BETWEEN(SYSTIMESTAMP,HIREDATE,2)) FROM EMP
             *
ERROR at line 1:
ORA-00909: invalid number of arguments 


SQL> ED
Wrote file afiedt.buf

  1* SELECT ROUND(MONTHS_BETWEEN(SYSTIMESTAMP,HIREDATE),2) FROM EMP
SQL> /

ROUND(MONTHS_BETWEEN(SYSTIMESTAMP,HIREDATE),2)                                                                                                                                                          
----------------------------------------------                                                                                                                                                          
                                        522.99                                                                                                                                                          
                                        520.89                                                                                                                                                          
                                        520.82                                                                                                                                                          
                                        519.47                                                                                                                                                          
                                        513.63                                                                                                                                                          
                                         518.5                                                                                                                                                          
                                        517.24                                                                                                                                                          
                                        446.92                                                                                                                                                          
                                        511.99                                                                                                                                                          
                                        514.28                                                                                                                                                          
